ID,predict
53608,0.84
51055,0.92
52573,0.04
50458,0.12
52272,0.37
52072,0.94
50973,0.36
50553,0.13
53135,0.19
53835,0.3
51843,0.06
54145,0.27
53878,0.17
54216,0.15
51728,0.28
52863,0.28
50760,0.52
50823,0.44
53928,0.79
52683,0.66
50200,0.35
52984,0.02
50747,0.22
54128,0.15
52001,0.85
50276,0.31
52651,0.72
53535,0.1
52387,0.15
52884,0.88
53205,0.12
52873,0.26
52376,0.45
51950,0.46
51650,0.75
53901,0.14
51919,0.4
50065,0.04
52885,0.39
51413,0.18
52768,0.44
51375,0.18
54157,0.32
53328,0.16
53362,0.19
52202,0.03
50640,0.16
52298,0.52
53477,0.06
50078,0.2
51998,0.24
52336,0.17
52654,0.16
53341,0.06
53868,0.5
52945,0.1
52411,0.08
52222,0.07
51813,0.12
50175,0.38
51744,0.18
53521,0.88
51261,0.04
51619,0.01
51479,0.23
52020,0.09
53306,0.23
53013,0.68
50117,0.05
51992,0.32
54233,0.92
51709,0.68
50930,0.18
50637,0.3
52333,0.28
51627,0.16
53524,0.19
50167,0.05
50330,0.58
53678,0.06
53581,0.75
50243,0.22
50237,0.08
53032,0.8
50235,0.18
50012,0.23
53264,0.57
50729,0.04
53195,0.22
50069,0.69
52091,0.36
50697,0.14
51477,0.04
52262,0.42
53822,0.22
53533,0.9
52983,0.53
50777,0.13
53630,0.22
52743,0.19
52584,0.72
51428,0.16
54194,0.02
52849,0.7
52839,0.74
52867,0.04
53043,0.44
52266,0.18
52478,0.44
51336,0.99
52840,0.26
51997,0.07
53976,0.39
50670,0.18
50370,0.27
50921,0.08
50983,0.4
51456,0.4
53104,0.74
50594,0.27
52201,0.22
52992,0.07
50240,0.32
50014,0.33
52583,0.19
52625,0.16
51357,0.34
50080,0.27
50521,0.11
51886,0.29
52367,0.07
52917,0.18
53378,0.16
50779,0.13
52352,0.29
50021,0.41
50726,0.16
52679,0.0
50389,0.14
50905,0.08
50409,0.36
52473,0.26
52089,0.08
50522,0.04
50603,0.57
53796,0.31
53167,0.08
53351,0.14
53680,0.83
53273,0.64
52913,0.16
50098,0.11
53479,0.1
50804,0.2
50074,0.79
53635,0.0
50189,0.76
53138,0.41
53786,0.77
50268,0.09
53688,0.53
51962,0.13
53639,0.22
53792,0.36
52631,0.54
50129,0.18
52712,0.22
50432,0.65
53221,0.33
53474,0.53
54232,0.41
50151,0.3
52516,0.81
53019,0.0
52510,0.63
50252,0.02
53354,0.54
50448,0.91
52796,0.11
50641,0.24
52189,0.12
53588,0.66
53324,0.38
51809,0.62
50258,0.83
54271,0.11
52785,0.21
50026,0.44
51529,0.14
51636,0.4
52050,0.25
52419,0.15
53228,0.66
52425,0.16
53470,0.12
52139,0.15
50471,0.18
52374,0.87
50136,0.25
51736,0.03
52638,0.07
51458,0.14
51027,0.25
51870,0.85
50960,0.65
52212,0.3
53337,0.22
51421,0.25
51740,0.06
52988,0.5
51551,0.15
51574,0.61
52285,0.16
51984,0.95
52735,0.78
52037,0.04
51522,0.81
52383,0.55
53724,0.56
52435,0.13
51506,0.12
53863,0.76
53212,0.23
50955,0.45
51646,0.02
50769,0.17
50675,0.36
54180,0.15
50174,0.53
52475,0.15
52472,0.32
52312,0.05
51007,0.08
52287,0.5
52334,0.15
50354,0.16
52462,0.05
52731,0.01
53106,0.07
52469,0.75
53076,0.38
50177,0.34
50028,0.63
51856,0.26
53294,0.53
50394,0.65
50791,0.25
51325,0.22
52366,0.43
50372,0.15
51474,0.11
54117,0.08
50413,0.61
51471,0.28
52079,0.03
51553,0.64
52207,0.07
53764,0.13
50806,0.32
52853,0.31
53938,0.52
50353,0.17
52097,0.02
52780,0.93
50390,0.27
53988,0.23
53910,0.92
52128,0.9
53569,0.09
53007,0.07
54039,0.48
52755,0.31
52545,0.36
50342,0.16
52793,0.64
52238,0.07
50782,0.9
51376,0.86
51520,0.07
53075,0.14
51600,0.31
53834,0.15
53964,0.29
51767,0.04
51481,0.09
52998,0.46
52217,0.68
53890,0.02
54196,0.09
53749,0.09
52076,0.6
54197,0.05
52307,0.46
53787,0.44
53805,0.27
51806,0.2
52795,0.57
50256,0.08
51457,0.47
53506,0.17
52765,0.04
52461,0.11
53081,0.06
54086,0.02
52554,0.09
51764,0.08
53689,0.3
53653,0.84
53401,0.36
53402,0.37
50395,0.44
50326,0.23
51830,0.03
52574,0.16
53670,0.35
52802,0.1
51045,0.11
51836,0.46
50694,0.14
52152,0.0
52778,0.04
53770,0.29
50455,0.88
54001,0.13
53067,0.69
52400,0.56
53799,0.34
50962,0.12
50657,0.12
50171,0.37
50035,0.14
52200,0.17
51700,0.26
53259,0.48
51955,0.13
52414,0.18
54195,0.13
54276,0.17
54079,0.11
52979,0.04
52621,0.04
54256,0.02
50901,0.12
50862,0.15
52528,0.76
53016,0.4
50083,0.14
50128,0.04
51496,0.54
51860,0.92
53311,0.18
54125,0.17
50503,0.89
54142,0.26
51849,0.55
50757,0.41
53726,0.02
53211,0.06
51148,0.28
50677,0.06
52512,0.18
51615,0.11
50357,0.56
53691,0.25
54132,0.32
52492,0.29
52664,0.75
50125,0.74
50306,0.11
50746,0.05
52858,0.15
52481,0.72
50216,0.16
53087,0.14
52669,0.24
53386,0.0
50662,0.67
50508,0.08
51989,0.89
51005,0.15
50311,0.15
51450,0.07
50579,0.43
52130,0.08
51125,0.75
51894,0.61
51270,0.19
50060,0.78
50343,0.76
52228,0.26
51406,0.31
51340,0.09
54242,0.12
51787,0.35
50481,0.29
51278,0.23
50736,0.15
50964,0.0
52105,0.18
53892,0.07
51657,0.55
52729,0.82
53721,0.46
53307,0.51
52122,0.25
50447,0.29
53420,0.59
52167,0.7
51277,0.12
53643,0.76
53975,0.3
51290,0.3
51315,0.22
53206,0.58
52586,0.19
54234,0.47
54124,0.2
51697,0.2
50856,0.2
52980,0.78
53489,0.21
53000,0.29
52997,0.08
50750,0.08
52301,0.07
53141,0.34
53573,0.1
51114,0.06
51648,0.11
52415,0.95
51000,0.12
50005,0.22
54249,0.47
51300,0.7
50365,0.06
53544,0.86
51069,0.63
53849,0.33
53158,0.13
52094,0.03
53502,0.07
50690,0.58
50564,0.12
50885,0.08
52544,0.43
52265,0.02
53086,0.3
50981,0.09
52368,0.12
51305,0.09
53695,0.56
53657,0.69
52423,0.57
54008,0.03
50576,0.08
51225,0.47
52017,0.14
50975,0.41
50162,0.09
50077,0.15
53500,0.53
52294,0.35
53698,0.41
53672,0.47
50081,0.52
52320,0.07
51263,0.07
51347,0.14
53098,0.24
54053,0.78
52790,0.21
52646,0.12
53699,0.26
52871,0.21
54085,0.36
53117,0.12
51053,0.05
51779,0.89
53031,0.41
52748,0.87
51524,0.37
51158,0.81
51418,0.01
50027,0.2
51085,0.12
50452,0.12
50255,0.83
51986,0.72
51244,0.05
52026,0.19
53752,0.58
53166,0.66
53345,0.35
53139,0.12
50214,0.28
52681,0.15
54057,0.33
50199,0.53
50246,0.91
53734,0.49
50857,0.28
50463,0.21
54041,0.36
54058,0.04
51569,0.05
51649,0.46
54209,0.09
54007,0.29
50836,0.48
52699,0.28
50164,0.08
50321,0.1
51067,0.57
50610,0.41
50514,0.61
52362,0.19
50251,0.6
51025,0.71
50623,0.05
51572,0.13
50632,0.21
52650,0.08
50988,0.11
53916,0.06
52652,0.67
51397,0.04
53659,0.19
51957,0.08
52899,0.06
51472,0.84
50263,0.33
50018,0.71
53948,0.49
53967,0.24
51250,0.12
50100,0.81
51865,0.11
51123,0.38
50376,0.4
50420,0.72
50611,0.03
51100,0.49
50138,0.17
50995,0.21
50584,0.25
52684,0.41
53806,0.05
54245,0.05
50950,0.12
50896,0.84
52628,0.12
51021,0.19
50883,0.22
53700,0.21
53914,0.2
50501,0.16
52317,0.26
50215,0.26
51750,0.09
52068,0.08
52064,0.27
54139,0.04
53953,0.11
50470,0.21
52188,0.95
50556,0.11
50768,0.35
50972,0.47
53045,0.37
51431,0.15
52235,0.05
53077,0.14
50329,0.21
51172,0.83
53154,0.34
54059,0.08
52974,0.1
51207,0.78
53282,0.1
50325,0.58
52820,0.7
52003,0.21
53281,0.24
53607,0.08
54108,0.32
51443,0.24
52708,0.79
50843,0.12
53855,0.73
53904,0.15
51653,0.21
50400,0.09
53319,0.05
50755,0.33
52125,0.14
52553,0.55
50346,0.19
50278,0.28
51466,0.27
53778,0.14
52640,0.86
50600,0.62
50560,0.32
51679,0.14
50270,0.9
51233,0.05
51968,0.86
52296,0.19
53037,0.47
52842,0.6
54052,0.18
50300,0.04
53753,0.63
51848,0.83
52048,0.06
53033,0.06
50920,0.06
53927,0.06
53930,0.04
51799,0.5
51253,0.08
50195,0.06
53454,0.21
53883,0.15
52350,0.11
51291,0.06
51591,0.84
53431,0.14
51946,0.13
52056,0.31
53779,0.32
51419,0.05
53413,0.69
53512,0.03
53663,0.21
50544,0.21
51577,0.16
53870,0.58
51387,0.0
50047,0.66
50748,0.2
54238,0.24
50737,0.14
52016,0.81
52619,0.29
50969,0.97
53567,0.42
50183,0.78
51681,0.32
51330,0.51
51935,0.12
51706,0.37
53293,0.26
50259,0.91
52117,0.2
52208,0.7
50518,0.67
53490,0.23
50043,0.21
54162,0.41
50568,0.86
52284,0.17
50570,0.08
51094,0.99
51381,0.17
53355,0.35
50261,0.64
52073,0.2
50655,0.04
50796,0.92
53116,0.2
51631,0.16
51720,0.58
50754,0.15
54116,0.07
54077,0.0
54171,0.51
51961,0.22
52329,0.14
50829,0.1
54064,0.13
52850,0.08
53412,0.05
52490,0.68
51464,0.23
53520,0.92
52029,0.8
54005,0.15
50279,0.96
51539,0.03
51200,0.41
53235,0.17
52474,0.35
52131,0.37
50776,0.05
52397,0.58
51800,0.15
51774,0.1
53568,0.53
53058,0.79
53854,0.9
51533,0.23
53178,0.32
51390,0.54
51753,0.46
51793,0.12
50170,0.35
54239,0.4
54032,0.23
53216,0.07
52878,0.22
50833,0.17
52770,0.22
53574,0.02
51676,0.18
51396,0.23
51508,0.12
50375,0.89
51987,0.12
50863,0.03
53487,0.3
53022,0.18
51943,0.77
53427,0.61
52592,0.32
53428,0.26
51956,0.16
51659,0.09
52964,0.89
53879,0.07
52933,0.26
52527,0.05
51541,0.64
51530,0.01
50533,0.12
52120,0.78
51116,0.81
53339,0.09
53934,0.62
53708,0.27
53169,0.18
52773,0.79
51267,0.19
52532,0.16
50575,0.31
50185,0.14
51164,0.37
51716,0.25
51341,0.43
51985,0.15
52183,0.08
51440,0.86
51796,0.29
51863,0.17
52277,0.08
50537,0.35
50865,0.44
53712,0.07
51048,0.47
52086,0.32
52688,0.73
51119,0.31
52182,0.15
53254,0.65
50344,0.19
50541,0.02
50186,0.05
51643,0.37
53839,0.28
52113,0.6
51425,0.9
53710,0.19
54138,0.27
53404,0.23
51754,0.62
51402,0.01
51658,0.82
53982,0.26
53844,0.25
51426,0.64
53163,0.31
53321,0.18
50001,0.72
50601,0.19
50046,0.21
51807,0.7
53251,0.92
53450,0.19
52902,0.14
52579,0.1
52363,0.11
53641,0.27
53739,0.1
53600,0.32
53179,0.95
52470,0.7
53563,0.2
51876,0.07
51630,0.33
52196,0.41
53350,0.43
53555,0.15
53276,0.57
54026,0.82
51088,0.36
51377,0.45
50434,0.34
53125,0.45
53703,0.41
50055,0.15
52614,0.14
50820,0.5
52341,0.52
52219,0.02
53886,0.11
50087,0.14
53971,0.49
51515,0.72
51687,0.14
50982,0.05
53447,0.86
52375,0.09
53072,0.2
51103,0.46
50700,0.17
51725,0.01
53831,0.05
52900,0.48
52599,0.1
52293,0.86
50622,0.12
52112,0.78
53299,0.03
51297,0.47
52837,0.23
53702,0.07
51978,0.15
50442,0.23
51281,0.17
51575,0.02
51039,0.76
51994,0.73
51031,0.35
52662,0.78
53807,0.73
52304,0.09
52110,0.07
51392,0.17
52090,0.68
52630,0.57
50137,0.19
51899,0.24
53619,0.55
51274,0.45
53271,0.53
54176,0.08
50404,0.13
50691,0.17
52178,0.82
51632,0.09
51232,0.16
53488,0.07
50053,0.67
50269,0.47
53584,0.15
51247,0.09
50659,0.59
53226,0.22
51480,0.15
53329,0.1
51223,0.16
51444,0.75
53147,0.43
51835,0.66
53348,0.3
52674,0.67
53853,0.22
51527,0.16
50997,0.02
53057,0.01
54022,0.15
52626,0.65
51696,0.7
52002,0.35
53578,0.07
53342,0.06
51190,0.55
50097,0.13
53270,0.19
53679,0.82
51802,0.33
54150,0.1
51201,0.8
52109,0.2
50039,0.12
50913,0.22
50336,0.68
50826,0.04
51851,0.15
53118,0.43
53177,0.15
51109,0.33
53069,0.13
52013,0.67
52761,0.26
52993,0.17
52887,0.05
50909,0.1
51616,0.18
53352,0.24
52941,0.42
50286,0.66
53780,0.47
53911,0.05
52624,0.3
52612,0.09
52011,0.65
50361,0.08
53466,0.45
50660,0.35
50320,0.65
52833,0.81
51204,0.91
51494,0.63
50852,0.44
50728,0.3
53336,0.5
51295,0.08
53255,0.11
51235,0.13
50940,0.23
51936,0.86
52524,0.19
52762,0.41
52232,0.4
52365,0.79
52099,0.2
53054,0.74
52500,0.4
53433,0.15
53881,0.07
53626,0.34
50770,0.39
51409,0.15
53933,0.54
52264,0.08
51065,0.54
53915,0.45
50801,0.51
50331,0.07
52295,0.29
52360,0.96
53772,0.24
50866,0.08
52486,0.21
51234,0.04
53066,0.08
52783,0.12
53652,0.17
52460,0.62
54020,0.26
54006,0.5
50695,0.11
50665,0.28
50319,0.11
53722,0.16
54191,0.17
51973,0.16
52179,0.08
50283,0.3
53501,0.08
53537,0.26
50220,0.79
53547,0.13
50735,0.09
50356,0.04
51602,0.07
52832,0.1
50716,0.64
50821,0.9
51195,0.09
52954,0.21
53723,0.32
52536,0.26
51601,0.09
51879,0.25
51159,0.86
51003,0.06
51294,0.14
53290,0.14
50721,0.18
54259,0.17
50484,0.3
54149,0.15
50172,0.65
51346,0.17
54017,0.53
51156,0.07
51091,0.12
52441,0.51
50427,0.32
51493,0.31
50222,0.05
50369,0.11
54118,0.15
52141,0.17
53408,0.22
53356,0.09
50123,0.46
51971,0.36
52506,0.32
52909,0.63
51563,0.85
51302,0.18
51008,0.39
50719,0.3
51705,0.13
51046,0.13
51548,0.84
51781,0.18
54082,0.32
50952,0.19
54113,0.29
51323,0.74
51498,0.46
50317,0.27
50767,0.31
50881,0.21
52220,0.08
52243,0.13
52947,0.23
51732,0.08
53492,0.59
52314,0.25
51043,0.17
50461,0.34
52564,0.11
53540,0.25
53597,0.16
52792,0.13
51182,0.12
51173,0.06
53225,0.22
53395,0.45
51829,0.39
53053,0.11
51212,0.15
52660,0.69
50872,0.32
52815,0.16
52784,0.73
53634,0.42
50669,0.19
52042,0.16
52246,0.16
52004,0.12
51184,0.79
53185,0.13
52587,0.51
53495,0.09
50870,0.12
54282,0.15
51120,0.24
53152,0.16
51144,0.08
51188,0.81
52606,0.31
54126,0.21
53810,0.04
51714,0.31
53472,0.72
50341,0.25
51245,0.17
51198,0.07
53171,0.16
50977,0.16
50751,0.51
50925,0.13
51776,0.57
51923,0.37
53220,0.11
51969,0.14
53596,0.23
52834,0.61
51938,0.14
52482,0.06
52973,0.7
50282,0.53
50091,0.33
54286,0.88
52883,0.03
50161,0.21
51859,0.43
53315,0.89
50607,0.84
51694,0.11
52772,0.15
54208,0.22
54255,0.58
51596,0.11
53036,0.58
53511,0.31
52678,0.29
53366,0.11
50105,0.02
52244,0.18
50762,0.85
50548,0.13
53782,0.12
53612,0.08
54129,0.09
53111,0.4
52012,0.02
53199,0.09
53745,0.96
50653,0.05
50980,0.45
53516,0.05
53186,0.19
51136,0.09
53922,0.33
52278,0.08
53744,0.18
53676,0.25
51343,0.04
53485,0.09
52854,0.97
50135,0.26
52950,0.21
53323,0.62
51691,0.6
53811,0.25
51167,0.08
50439,0.22
51266,0.31
52661,0.02
51101,0.77
50933,0.11
50090,0.35
53476,0.2
53446,0.3
51726,0.07
51765,0.15
52540,0.26
50033,0.38
50963,0.5
50431,0.23
50449,0.33
51671,0.18
50543,0.71
52465,0.42
52995,0.52
50650,0.1
52601,0.08
50687,0.16
50948,0.07
54243,0.2
54206,0.15
52251,0.84
51106,0.71
51081,0.28
51139,0.01
51892,0.19
52666,0.12
53694,0.54
53804,0.14
50592,0.04
51107,0.18
52704,0.1
52450,0.66
50838,0.07
54173,0.89
53286,0.2
50810,0.35
53256,0.25
52910,0.14
52929,0.25
52694,0.74
54091,0.62
51491,0.14
51226,0.04
52541,0.01
51161,0.28
52581,0.34
50454,0.31
53601,0.11
51112,0.41
52417,0.15
50661,0.57
50298,0.16
51024,0.24
52604,0.22
51930,0.61
52267,0.16
54158,0.07
50985,0.07
54183,0.03
53023,0.14
50552,0.53
51298,0.82
51213,0.08
51932,0.09
51389,0.09
50984,0.18
54013,0.1
50489,0.12
52823,0.11
52340,0.14
53441,0.34
54210,0.38
53430,0.18
52588,0.88
54225,0.68
50635,0.62
52282,0.34
50646,0.21
50464,0.24
53900,0.05
51366,0.87
52565,0.44
52163,0.41
50423,0.6
50457,0.14
53645,0.08
50383,0.21
53882,0.89
53668,0.19
51303,0.3
53951,0.73
54012,0.38
53677,0.04
50324,0.79
53078,0.33
54187,0.18
50523,0.2
51511,0.11
50509,0.52
52393,0.4
53508,0.29
50855,0.74
54287,0.34
52407,0.07
52092,0.39
53132,0.03
54110,0.51
53403,0.3
50778,0.15
54205,0.72
52801,0.13
51097,0.12
50011,0.38
50986,0.11
50024,0.19
54088,0.08
50676,0.75
51478,0.75
50111,0.34
53274,0.03
53514,0.11
53038,0.18
50773,0.05
50173,0.49
53784,0.31
52868,0.22
52401,0.97
52177,0.15
50242,0.04
52351,0.35
51401,0.31
53280,0.14
53200,0.21
51735,0.71
51939,0.13
52377,0.4
54240,0.29
50976,0.06
52617,0.22
52248,0.12
52305,0.26
50228,0.18
53517,0.5
50524,0.16
51542,0.21
51077,0.2
52860,0.05
51386,0.02
51206,0.86
52856,0.07
53838,0.26
53334,0.58
51113,0.37
52707,0.18
53802,0.26
52347,0.12
53576,0.11
53115,0.62
50093,0.63
54073,0.88
52739,0.18
51605,0.22
51808,0.21
50551,0.28
51995,0.2
53052,0.36
51304,0.21
50163,0.15
50557,0.66
52695,0.45
52797,0.13
53947,0.89
51040,0.36
52166,0.21
53325,0.49
50938,0.12
52557,0.25
54237,0.11
53398,0.91
53666,0.07
51334,0.65
53207,0.43
54170,0.53
51364,0.77
50309,0.22
52138,0.27
51311,0.05
50063,0.63
53509,0.27
53467,0.41
52364,0.24
54147,0.14
51151,0.09
53662,0.12
50349,0.27
51949,0.4
51821,0.39
53693,0.34
51737,0.55
50664,0.43
53182,0.14
53405,0.08
51254,0.39
52535,0.16
51371,0.26
53365,0.29
50038,0.09
53491,0.2
52132,0.35
53536,0.43
53956,0.62
54260,0.34
51815,0.17
52070,0.07
50210,0.2
52647,0.49
50511,0.77
54192,0.29
52794,0.46
52649,0.0
51778,0.24
52939,0.05
53836,0.74
53381,0.23
50683,0.17
53392,0.34
51980,0.89
52033,0.1
53551,0.14
53687,0.68
50674,0.34
50835,0.06
53283,0.34
50388,0.1
50465,0.15
50618,0.1
50812,0.09
53593,0.34
50722,0.2
51187,0.18
51510,0.43
52436,0.34
53826,0.16
52039,0.18
51393,0.23
52690,0.13
52160,0.06
50176,0.54
52848,0.36
50540,0.62
51844,0.07
53009,0.24
51519,0.06
52805,0.15
53415,0.73
54269,0.2
53674,0.15
51897,0.36
54043,0.84
52237,0.12
52326,0.1
53906,0.4
51719,0.59
51329,0.1
52446,0.36
51675,0.06
53591,0.31
52934,0.93
52521,0.08
52459,0.14
51862,0.41
51162,0.6
52515,0.29
51566,0.76
50460,0.48
52227,0.11
53462,0.64
51682,0.16
50416,0.49
51670,0.07
51301,0.47
52719,0.16
52274,0.23
52742,0.27
52897,0.67
53954,0.19
53112,0.14
53505,0.33
50042,0.28
53912,0.66
53539,0.34
51385,0.23
53361,0.62
53155,0.13
51833,0.38
51861,0.43
51211,0.45
50949,0.19
53743,0.27
50267,0.09
52280,0.05
50113,0.07
52838,0.06
54273,0.64
51872,0.19
50864,0.17
51766,0.65
50334,0.76
50807,0.3
52949,0.43
52613,0.67
54100,0.38
54071,0.16
52814,0.48
52633,0.07
50428,0.3
52245,0.09
52418,0.17
54199,0.77
50513,0.18
51626,0.15
50605,0.54
52193,0.26
52075,0.35
51903,0.11
53237,0.27
52186,0.1
52668,0.24
50841,0.2
51412,0.09
51811,0.24
51573,0.22
52653,0.74
53759,0.22
53262,0.19
50606,0.18
53609,0.18
52373,0.06
53222,0.22
53340,0.29
51692,0.29
52382,0.12
53181,0.1
53725,0.35
51010,0.04
52968,0.28
51138,0.17
52150,0.05
51317,0.2
53819,0.23
51104,0.66
50673,0.07
50002,0.29
51391,0.47
50297,0.13
52774,0.32
52063,0.25
50974,0.12
52309,0.02
53304,0.08
50515,0.49
52115,0.67
53880,0.31
52961,0.69
52488,0.51
53389,0.47
52563,0.85
54285,0.35
50144,0.04
51215,0.03
50250,0.24
51446,0.23
53349,0.27
51042,0.28
53390,0.09
50996,0.22
52928,0.15
50247,0.02
51964,0.68
51974,0.72
51795,0.13
50923,0.93
54104,0.02
52140,0.22
51017,0.95
50707,0.82
53230,0.23
54106,0.26
53192,0.34
52622,0.93
51149,0.23
52038,0.11
54105,0.29
50073,0.24
52149,0.41
52491,0.69
51239,0.23
50832,0.38
50092,0.15
54136,0.09
51905,0.3
50384,0.2
52040,0.08
50786,0.7
52216,0.15
53620,0.13
51380,0.43
51349,0.44
50898,0.84
51623,0.74
50764,0.1
50453,0.06
52315,0.81
50127,0.28
51695,0.03
54048,0.63
53176,0.04
50959,0.58
51672,0.12
51909,0.78
53572,0.57
52999,0.32
50713,0.16
53978,0.08
51747,0.7
52872,0.98
52556,0.64
52135,0.15
50860,0.09
53453,0.16
52395,0.06
54235,0.88
53253,0.15
52394,0.45
53848,0.4
52379,0.16
53236,0.56
50308,0.24
53285,0.2
50917,0.24
50482,0.54
53825,0.16
53015,0.59
51084,0.08
51286,0.07
52422,0.05
50088,0.11
53435,0.18
51220,0.05
52508,0.72
54140,0.17
51988,0.57
53219,0.77
50239,0.72
50554,0.29
52908,0.75
50597,0.54
53375,0.34
53452,0.42
51328,0.33
53232,0.27
51332,0.81
50642,0.19
52453,0.19
51072,0.17
51958,0.13
51205,0.3
52542,0.2
51618,0.74
53746,0.61
54182,0.07
50477,0.11
52069,0.23
51460,0.22
50044,0.64
53021,0.54
50191,0.83
53198,0.56
51485,0.05
51869,0.16
51857,0.14
53332,0.22
52380,0.45
54178,0.58
53245,0.06
53444,0.94
53664,0.26
51853,0.09
53615,0.17
52787,0.17
53658,0.28
50993,0.21
50989,0.46
51507,0.06
52118,0.16
53791,0.09
53379,0.1
53683,0.34
52434,0.84
52060,0.38
50918,0.06
51585,0.28
54288,0.12
52335,0.23
50435,0.78
51662,0.19
53599,0.46
52673,0.07
53445,0.1
52495,0.09
52533,0.02
50096,0.54
52290,0.26
52164,0.41
53142,0.35
50160,0.27
51617,0.88
52537,0.1
52381,0.44
53062,0.13
50022,0.35
51462,0.23
54060,0.6
54253,0.23
52145,0.24
52520,0.64
50248,0.38
52620,0.47
52547,0.13
52236,0.15
53809,0.38
53322,0.7
52121,0.41
50132,0.15
51991,0.29
53193,0.09
51150,0.24
50271,0.41
51194,0.03
51823,0.35
50249,0.09
52146,0.71
51996,0.08
52727,0.5
52144,0.42
51537,0.16
51129,0.59
54289,0.44
50710,0.66
52970,0.55
53748,0.36
50834,0.09
52342,0.34
51638,0.1
53190,0.43
53209,0.63
53931,0.26
50608,0.24
53143,0.09
54163,0.33
50379,0.13
51433,0.29
52505,0.19
50504,0.13
52530,0.35
51310,0.46
51026,0.33
53673,0.08
50941,0.12
52155,0.83
52035,0.4
50293,0.97
51022,0.07
53496,0.36
50265,0.24
51816,0.1
50953,0.43
53852,0.1
52385,0.17
52991,0.27
54025,0.5
51790,0.31
50678,0.12
53614,0.47
53471,0.03
50274,0.42
52466,0.17
52104,0.07
51470,0.18
54152,0.19
50886,0.13
50232,0.05
50613,0.15
51256,0.24
52597,0.63
50873,0.66
53816,0.83
53148,0.3
53194,0.08
54014,0.79
51845,0.02
51867,0.04
52976,0.27
50880,0.1
52084,0.16
53252,0.21
51609,0.07
50647,0.87
54264,0.55
51822,0.26
53240,0.27
53312,0.11
52636,0.37
50036,0.17
52323,0.65
51762,0.22
52827,0.18
52920,0.34
52578,0.2
50201,0.21
53292,0.21
50030,0.2
51590,0.55
51560,0.05
50822,0.2
50937,0.94
50903,0.18
51459,0.81
51475,0.46
52087,0.51
51612,0.05
53371,0.23
51564,0.08
53965,0.16
52187,0.78
51599,0.85
52736,0.13
51839,0.49
53330,0.55
51388,0.2
53041,0.65
51240,0.12
52023,0.59
51850,0.42
52198,0.71
53715,0.26
53376,0.6
51324,0.73
53050,0.51
52948,0.1
53011,0.25
53027,0.09
52798,0.08
52600,0.77
50627,0.46
50530,0.21
53869,0.31
52985,0.19
50373,0.35
50844,0.75
52030,0.65
54203,0.12
50226,0.08
50193,0.72
53302,0.71
51011,0.18
53497,0.24
51834,0.07
51517,0.91
51248,0.48
53980,0.92
54175,0.35
51690,0.14
53364,0.32
51028,0.21
51237,0.06
52567,0.11
52817,0.07
54021,0.06
53083,0.17
51549,0.12
50914,0.27
52758,0.71
50184,0.73
50727,0.82
53217,0.79
51108,0.05
51001,0.01
53238,0.19
53685,0.18
50229,0.16
50166,0.32
50689,0.16
51271,0.05
51976,0.1
51780,0.93
53961,0.24
51110,0.2
51782,0.17
52403,0.16
51838,0.13
53110,0.07
52835,0.15
52963,0.29
51383,0.21
52433,0.07
53275,0.19
51545,0.16
52517,0.42
54224,0.09
51361,0.24
51562,0.17
51581,0.14
50188,0.12
50403,0.72
53800,0.12
52725,0.82
51160,0.11
51503,0.26
52562,0.51
51746,0.68
52497,0.43
50152,0.72
50815,0.18
52171,0.51
52081,0.04
50892,0.1
53757,0.67
51093,0.35
52384,0.37
52809,0.12
53055,0.49
50734,0.04
52657,0.31
52737,0.52
50926,0.21
51948,0.67
50842,0.06
50366,0.09
51532,0.18
52717,0.24
52269,0.65
50070,0.19
53616,0.11
53094,0.16
52025,0.49
51032,0.26
54161,0.56
53046,0.82
51882,0.09
50819,0.03
52321,0.34
50208,0.23
52484,0.54
50396,0.17
51902,0.02
50720,0.59
51512,0.57
51711,0.21
54112,0.08
52611,0.12
51374,0.16
51090,0.9
53012,0.04
50706,0.07
53423,0.52
54011,0.35
53874,0.06
53218,0.05
51534,0.66
51610,0.66
52819,0.19
52915,0.06
52442,0.12
50058,0.14
50287,0.26
50825,0.29
50221,0.07
52008,0.24
53650,0.08
52489,0.38
53372,0.88
52143,0.31
51715,0.03
52750,0.04
51885,0.06
53024,0.22
53189,0.61
53960,0.17
54213,0.22
52041,0.3
50355,0.63
54284,0.09
51228,0.36
51656,0.03
53968,0.2
53632,0.23
52703,0.48
51622,0.11
52677,0.3
51739,0.37
51134,0.18
52448,0.55
52273,0.36
52990,0.22
52502,0.31
50612,0.2
51587,0.19
53035,0.11
53073,0.38
51557,0.14
54065,0.95
53840,0.26
50490,0.09
51382,0.5
50667,0.29
52551,0.17
50066,0.34
51509,0.55
53459,0.08
50391,0.65
53469,0.17
51727,0.74
51363,0.14
53434,0.6
51852,0.04
50295,0.16
51535,0.25
53583,0.17
52958,0.2
51639,0.04
51500,0.36
53122,0.81
54083,0.11
50168,0.26
50616,0.18
53623,0.91
54165,0.28
50304,0.66
53768,0.3
53765,0.31
51944,0.2
50029,0.2
53483,0.49
53113,0.45
53004,0.24
51688,0.13
52831,0.08
54037,0.12
53426,0.04
50542,0.11
50203,0.01
53338,0.22
50671,0.66
52926,0.05
53025,0.95
52777,0.27
51757,0.16
52734,0.1
51689,0.11
51238,0.3
52585,0.2
50725,0.52
51333,0.16
50731,0.49
53589,0.18
50082,0.3
53475,0.02
51495,0.39
50472,0.86
53821,0.18
54207,0.05
53448,0.1
53756,0.08
52249,0.05
50364,0.85
53737,0.1
52255,0.03
52279,0.21
52759,0.27
53165,0.85
52548,0.65
50967,0.22
53114,0.11
53553,0.44
51423,0.79
54114,0.47
53924,0.92
51734,0.07
52549,0.38
53213,0.32
51536,0.05
51561,0.18
52972,0.83
54275,0.6
50500,0.08
53565,0.3
52741,0.09
53613,0.08
53701,0.09
53984,0.12
52372,0.38
50871,0.21
52676,0.78
53136,0.11
53790,0.19
50013,0.3
53979,0.19
52014,0.86
52733,0.47
53873,0.27
51521,0.9
51721,0.61
50025,0.22
52327,0.07
51342,0.18
52861,0.19
50936,0.1
53606,0.71
50928,0.23
53123,0.28
50998,0.95
51683,0.18
50190,0.17
50451,0.12
53832,0.23
53936,0.21
51558,0.12
52108,0.61
54251,0.14
50076,0.03
54280,0.13
51669,0.07
51030,0.02
50797,0.36
51724,0.24
54067,0.44
51586,0.34
52242,0.14
52175,0.12
51665,0.15
52253,0.26
52454,0.52
50897,0.4
51132,0.31
50774,0.39
51436,0.24
53360,0.41
50296,0.14
52032,0.61
53554,0.9
53859,0.4
50041,0.42
53986,0.18
54230,0.34
50631,0.09
50340,0.23
50146,0.22
52458,0.25
52316,0.61
52824,0.19
52148,0.44
53140,0.18
54031,0.06
54066,0.26
50206,0.06
51229,0.24
50899,0.66
51370,0.34
51152,0.15
51395,0.25
51487,0.56
53387,0.88
50911,0.39
53884,0.17
51131,0.89
54081,0.01
53133,0.01
52260,0.03
51611,0.15
52608,0.31
51827,0.45
50378,0.03
50272,0.72
51667,0.17
51319,0.46
52325,0.2
53242,0.38
54262,0.15
52702,0.17
54265,0.19
51096,0.14
50785,0.06
52663,0.61
52240,0.07
53424,0.21
51820,0.11
51309,0.51
53227,0.55
53039,0.82
50539,0.64
52199,0.24
52763,0.51
50494,0.23
51828,0.23
54080,0.52
53388,0.11
50433,0.34
51941,0.07
50294,0.06
50398,0.13
51934,0.18
52165,0.14
52127,0.33
53316,0.66
50157,0.02
50645,0.21
51210,0.61
54135,0.18
51731,0.19
54241,0.56
50924,0.12
52170,0.1
52053,0.07
51920,0.4
52726,0.12
50877,0.2
50741,0.15
51006,0.11
53974,0.85
50397,0.32
51068,0.14
52330,0.22
53665,0.22
50363,0.38
53298,0.17
51354,0.1
54028,0.95
53801,0.01
51320,0.45
54015,0.18
51578,0.24
50965,0.03
53713,0.37
51078,0.77
50254,0.58
53686,0.71
50550,0.04
50532,0.0
50333,0.08
52271,0.23
53044,0.72
51352,0.53
51264,0.42
53327,0.35
50922,0.23
53760,0.85
50402,0.13
51805,0.08
54016,0.05
53943,0.96
54221,0.36
53455,0.07
50407,0.78
51296,0.6
53841,0.11
51259,0.05
51102,0.49
51907,0.88
51016,0.24
51733,0.95
50615,0.16
52813,0.38
53134,0.26
51117,0.42
50535,0.04
52956,0.92
50859,0.47
51344,0.11
53876,0.24
54095,0.17
52786,0.11
53610,0.55
51592,0.6
54076,0.09
51171,0.21
51368,0.21
53595,0.32
51163,0.04
51066,0.15
50141,0.05
50596,0.1
52388,0.26
52479,0.72
52313,0.15
51497,0.12
53594,0.32
50531,0.72
50401,0.5
51308,0.27
52691,0.06
51847,0.05
50636,0.15
51858,0.21
53071,0.34
51410,0.23
51400,0.09
52083,0.05
54097,0.06
50124,0.52
51362,0.04
53526,0.38
51313,0.04
52503,0.95
51241,0.9
53370,0.19
50006,0.06
53993,0.93
50056,0.34
52061,0.13
52558,0.21
51635,0.17
52658,0.2
53794,0.29
52665,0.87
50589,0.02
52812,0.08
50966,0.02
51185,0.1
51127,0.06
53504,0.04
51284,0.6
53049,0.19
50358,0.38
52594,0.75
54266,0.05
50672,0.15
50679,0.95
54219,0.29
52319,0.1
52184,0.58
50292,0.37
50085,0.54
53310,0.14
50958,0.07
50943,0.22
50130,0.34
50290,0.81
50155,0.11
51523,0.23
53557,0.07
50217,0.25
53187,0.23
52751,0.78
53767,0.7
50405,0.36
50260,0.21
54263,0.58
53443,0.44
53437,0.17
52223,0.28
51154,0.52
51118,0.32
50512,0.13
53202,0.1
50577,0.12
50476,0.07
51538,0.16
51710,0.16
50499,0.86
51174,0.42
50498,0.08
51275,0.16
50086,0.56
53353,0.06
51283,0.67
53560,0.51
51221,0.61
52396,0.2
52392,0.16
51454,0.1
51743,0.1
51785,0.48
51175,0.17
50179,0.46
53451,0.44
50466,0.11
53239,0.7
53063,0.29
51546,0.08
52953,0.88
51218,0.75
51502,0.74
51408,0.16
50262,0.35
50526,0.69
50847,0.63
51015,0.58
50316,0.17
54198,0.84
51035,0.32
50566,0.15
51891,0.6
50604,0.32
50620,0.12
50291,0.36
51797,0.7
52057,0.39
53651,0.21
50795,0.15
52096,0.15
54070,0.07
53309,0.65
50411,0.14
50288,0.6
53562,0.19
54069,0.77
52426,0.21
52229,0.02
50800,0.05
52518,0.33
53416,0.16
52656,0.08
54167,0.52
52605,0.21
51345,0.05
51712,0.21
50502,0.29
52525,0.6
51231,0.06
51451,0.1
51910,0.88
54049,0.25
52408,0.14
50621,0.01
50034,0.34
52353,0.09
53129,0.77
53101,0.65
52529,0.11
51373,0.04
53344,0.86
51086,0.03
52456,0.33
54096,0.2
51701,0.15
53103,0.34
50578,0.99
53867,0.94
52181,0.26
52268,0.93
51080,0.04
52989,0.08
50207,0.67
50696,0.32
51526,0.2
51420,0.09
53079,0.43
50814,0.15
52136,0.07
50450,0.02
51501,0.31
50473,0.45
51840,0.31
50702,0.78
53909,0.36
51864,0.19
52349,0.06
52100,0.07
53929,0.16
50505,0.13
51060,0.29
51673,0.68
50794,0.16
52560,0.73
52767,0.4
53814,0.16
52799,0.11
51775,0.14
51279,0.29
53091,0.42
54223,0.15
51954,0.57
50382,0.8
54174,0.26
52655,0.77
54055,0.08
50947,0.36
54074,0.19
50874,0.12
53675,0.87
51982,0.28
50619,0.89
53070,0.87
53973,0.56
50784,0.06
51929,0.38
52021,0.64
52226,0.43
52015,0.28
52877,0.28
53950,0.28
51791,0.16
53203,0.15
52308,0.77
53777,0.17
53481,0.47
50313,0.31
51422,0.02
53919,0.49
53705,0.78
52348,0.37
50345,0.23
54042,0.68
50792,0.4
53829,0.07
53617,0.15
51921,0.2
51203,0.38
50571,0.31
54181,0.65
53417,0.84
51074,0.23
50654,0.08
51434,0.55
52645,0.17
50169,0.48
50869,0.27
51141,0.04
50352,0.86
52445,0.76
53191,0.1
53486,0.61
50156,0.36
51559,0.42
50599,0.78
53099,0.71
53815,0.38
51684,0.12
51977,0.14
53065,0.34
51589,0.15
50569,0.09
52959,0.31
50020,0.07
50876,0.25
52192,0.28
53972,0.09
53396,0.32
53056,0.73
52720,0.63
52806,0.04
54024,0.23
53528,0.05
51880,0.51
51142,0.15
52550,0.14
53913,0.16
53808,0.96
53847,0.1
51280,0.01
53707,0.17
51965,0.33
51748,0.26
52866,0.07
50811,0.12
51819,0.08
52337,0.23
53149,0.34
50430,0.32
53654,0.09
50848,0.4
51145,0.54
52821,0.05
52044,0.25
52169,0.51
53633,0.15
52811,0.04
54029,0.08
53793,0.23
52882,0.09
52898,0.5
52098,0.45
50158,0.22
50561,0.57
50890,0.05
50932,0.12
54033,0.11
51070,0.19
53105,0.13
50724,0.35
50573,0.66
51316,0.08
52359,0.33
52344,0.01
53303,0.45
52399,0.05
54089,0.23
54270,0.89
50348,0.89
53374,0.13
51414,0.28
50067,0.09
54164,0.1
52716,0.18
52161,0.38
53263,0.08
50031,0.09
51050,0.23
52879,0.12
53090,0.08
53261,0.63
50567,0.37
54075,0.09
52052,0.45
50908,0.86
53051,0.05
50609,0.88
51257,0.23
53164,0.94
51924,0.23
53592,0.1
50536,0.31
52618,0.26
52404,0.36
54177,0.16
50780,0.06
53622,0.2
54222,0.28
51642,0.26
51407,0.06
50107,0.3
52846,0.25
50116,0.09
51937,0.36
52101,0.1
51756,0.14
54115,0.1
50547,0.28
51276,0.14
53671,0.13
53499,0.03
53089,0.47
50595,0.6
50758,0.09
51674,0.4
52504,0.3
53642,0.6
53513,0.23
52071,0.5
51718,0.21
52818,0.28
52836,0.95
52689,0.14
53522,0.12
53586,0.36
54046,0.16
50106,0.14
52022,0.22
53921,0.36
53295,0.97
51064,0.41
52721,0.24
51708,0.75
50339,0.97
52046,0.15
50999,0.82
53026,0.43
53244,0.06
53457,0.95
54236,0.22
52427,0.36
51927,0.91
51979,0.19
54258,0.13
51165,0.89
52800,0.89
52609,0.55
52925,0.23
53908,0.23
51092,0.49
51678,0.04
51217,0.06
54169,0.05
51922,0.11
50854,0.14
50236,0.25
50368,0.04
52843,0.23
50633,0.39
53531,0.57
50104,0.17
50970,0.85
50756,0.79
51476,0.31
53561,0.62
54019,0.45
50906,0.56
51760,0.56
50907,0.13
50057,0.13
53763,0.48
50488,0.8
52303,0.04
51147,0.22
50882,0.08
52757,0.14
54257,0.1
50701,0.39
52173,0.71
51492,0.57
53992,0.04
51911,0.49
53020,0.23
51608,0.53
50194,0.32
50893,0.29
53343,0.01
52211,0.27
53399,0.12
50225,0.39
52905,0.33
50802,0.07
51651,0.26
51810,0.03
50061,0.1
53893,0.77
51447,0.04
52430,0.69
54102,0.08
51193,0.33
54090,0.89
53331,0.62
54027,0.08
51335,0.23
50492,0.19
53507,0.17
52066,0.05
51449,0.24
51126,0.37
50712,0.19
53585,0.22
51951,0.74
53824,0.03
51702,0.73
53249,0.35
51607,0.32
51348,0.06
52568,0.09
51367,0.9
50709,0.14
52874,0.43
53313,0.55
51041,0.23
51322,0.33
52575,0.5
50480,0.05
53846,0.09
52114,0.19
52074,0.02
53422,0.04
53119,0.2
51489,0.66
52744,0.5
50456,0.12
53742,0.7
51018,0.52
50861,0.65
52067,0.04
52254,0.17
50759,0.19
51236,0.13
53010,0.06
52119,0.35
52310,0.72
50798,0.42
53121,0.5
50685,0.07
52416,0.82
51339,0.04
51488,0.66
52522,0.09
52080,0.13
52357,0.07
51914,0.24
53279,0.19
52610,0.2
50145,0.07
53419,0.27
53137,0.23
52718,0.05
51416,0.33
52275,0.08
50120,0.24
51713,0.1
52876,0.18
53789,0.16
53872,0.09
50538,0.49
50516,0.87
51033,0.1
52904,0.28
50942,0.07
54267,0.27
52507,0.07
52250,0.37
52723,0.36
51312,0.43
53719,0.08
50095,0.18
51680,0.33
51405,0.25
50867,0.87
52944,0.56
52358,0.29
52943,0.05
53785,0.1
52828,0.21
51009,0.34
53215,0.25
51063,0.66
50730,0.24
53866,0.09
50289,0.65
51146,0.39
50528,0.09
52291,0.6
50593,0.44
53305,0.03
50410,0.85
51468,0.39
53996,0.01
53383,0.13
53902,0.13
53008,0.38
50971,0.04
52410,0.13
50625,0.65
50446,0.92
50307,0.08
50351,0.39
50704,0.14
51912,0.64
52607,0.47
51411,0.12
51465,0.21
53728,0.09
50585,0.65
52711,0.26
50752,0.05
51338,0.05
50711,0.19
50831,0.02
52680,0.18
50148,0.41
53898,0.13
53762,0.32
51654,0.08
51628,0.12
53028,0.54
53346,0.77
50360,0.18
52429,0.73
52498,0.12
52487,0.58
50143,0.2
50546,0.51
52971,0.24
51170,0.15
53730,0.31
52239,0.33
52225,0.34
50591,0.22
52869,0.04
50154,0.16
52746,0.06
51306,0.91
50371,0.19
53534,0.05
52966,0.18
51023,0.73
54227,0.22
51883,0.16
52176,0.09
50739,0.36
52830,0.42
51960,0.04
52764,0.71
52147,0.38
52402,0.2
51355,0.07
51704,0.79
53159,0.09
52134,0.08
51417,0.14
52519,0.89
53326,0.58
53751,0.06
52111,0.4
52967,0.22
52710,0.27
52776,0.16
52892,0.04
51128,0.31
51435,0.26
52779,0.69
53510,0.37
51593,0.18
51947,0.1
53131,0.33
52467,0.38
54204,0.52
51469,0.06
53170,0.27
53538,0.29
50563,0.51
50109,0.19
53604,0.12
53605,0.11
51567,0.82
52749,0.37
52509,0.28
52036,0.27
51580,0.07
51940,0.41
50202,0.06
54087,0.26
50424,0.12
53755,0.1
50192,0.73
51197,0.19
54166,0.44
50519,0.15
54068,0.18
53733,0.05
51846,0.09
53265,0.22
52432,0.12
50558,0.09
50708,0.08
53860,0.62
50037,0.17
50425,0.12
52483,0.24
52213,0.77
51196,0.15
52643,0.19
52289,0.2
50108,0.05
50497,0.09
53837,0.74
53247,0.28
52210,0.48
53962,0.71
51812,0.55
51603,0.02
52775,0.2
51049,0.25
51981,0.21
52740,0.33
54252,0.13
51604,0.21
50245,0.21
50733,0.04
50763,0.78
50280,0.01
54131,0.14
50253,0.86
50549,0.14
53082,0.0
53969,0.36
51461,0.17
53983,0.9
51758,0.22
53720,0.24
51641,0.9
53769,0.41
50393,0.21
53862,0.33
50386,0.78
50771,0.13
50828,0.08
50181,0.04
53074,0.22
54250,0.21
53845,0.73
53684,0.73
51439,0.08
50419,0.07
53603,0.75
51770,0.27
52632,0.34
51002,0.25
53183,0.26
51916,0.11
51318,0.1
51547,0.14
50572,0.11
53248,0.79
51786,0.09
50740,0.54
50277,0.04
53097,0.87
52598,0.31
51686,0.16
51531,0.24
54002,0.07
52339,0.39
53503,0.12
54154,0.57
51888,0.08
50377,0.68
51183,0.33
54000,0.29
50666,0.96
51576,0.32
52629,0.17
51884,0.73
51621,0.1
50658,0.13
51890,0.28
50079,0.2
53407,0.2
53257,0.1
53888,0.25
53421,0.21
52346,0.37
50915,0.87
51967,0.11
53803,0.09
51398,0.9
52270,0.49
51901,0.14
53959,0.28
52940,0.44
53813,0.36
51168,0.76
52543,0.56
51179,0.63
51993,0.67
51745,0.3
54063,0.87
54277,0.67
52705,0.2
51552,0.07
53266,0.43
52343,0.32
50322,0.52
50783,0.4
51953,0.11
50743,0.23
50327,0.03
50766,0.8
53963,0.37
50045,0.15
53570,0.18
53987,0.43
52292,0.12
54047,0.6
53999,0.25
50788,0.07
52203,0.16
53146,0.66
51429,0.51
51990,0.38
52911,0.65
51243,0.12
54226,0.24
50121,0.38
52932,0.15
52659,0.36
54278,0.27
50723,0.02
51898,0.09
52921,0.36
51288,0.39
51251,0.93
52875,0.36
51871,0.09
52870,0.01
50851,0.11
51640,0.18
53877,0.27
52946,0.09
53556,0.04
51321,0.1
53410,0.53
52692,0.07
50772,0.38
50626,0.48
51896,0.53
50699,0.27
53201,0.23
51430,0.48
51514,0.0
54010,0.21
50016,0.21
51155,0.29
50894,0.06
53172,0.13
50147,0.58
53895,0.89
53887,0.84
50422,0.5
53267,0.3
54099,0.93
53397,0.81
51925,0.44
51133,0.11
50315,0.02
54134,0.75
50437,0.13
53162,0.06
52413,0.22
52424,0.18
52332,0.13
50142,0.11
50663,0.21
52969,0.09
52420,0.57
50110,0.16
52981,0.28
53990,0.81
50705,0.54
51583,0.37
52107,0.31
54212,0.23
50714,0.15
52912,0.11
51230,0.12
52616,0.01
54051,0.26
50426,0.21
53575,0.27
54123,0.26
52935,0.14
51473,0.2
53998,0.46
51399,0.14
51079,0.03
52172,0.11
53160,0.27
50224,0.86
52088,0.38
52851,0.0
51499,0.67
52129,0.66
52960,0.13
51970,0.03
53368,0.6
52043,0.34
50212,0.7
50071,0.13
51177,0.12
51044,0.4
50850,0.21
51707,0.18
54172,0.1
50744,0.21
53442,0.39
52457,0.16
53145,0.64
52531,0.74
53157,0.12
53463,0.09
53823,0.32
53729,0.02
52888,0.67
52218,0.17
53564,0.2
52231,0.54
53542,0.1
50126,0.94
51326,0.02
52841,0.07
50312,0.12
53647,0.54
53128,0.84
50102,0.18
54107,0.06
53418,0.19
50790,0.11
52713,0.02
54030,0.12
53629,0.23
50429,0.42
51661,0.63
51455,0.0
51404,0.84
52124,0.21
52257,0.07
51556,0.25
52283,0.21
53580,0.42
53359,0.09
52493,0.34
52730,0.64
51178,0.27
53047,0.13
52224,0.39
51620,0.3
51693,0.58
52007,0.18
52259,0.03
50614,0.21
53527,0.28
52722,0.08
53994,0.02
52499,0.1
53308,0.09
53774,0.19
53241,0.1
52889,0.23
52829,0.64
52577,0.77
52580,0.03
54003,0.68
54035,0.36
52485,0.45
50562,0.32
52706,0.02
50954,0.29
52451,0.28
50103,0.73
51052,0.85
52444,0.12
52803,0.12
51645,0.19
50888,0.14
53059,0.03
52639,0.14
53611,0.26
50775,0.26
50817,0.29
53781,0.35
50629,0.16
50634,0.12
50049,0.1
53997,0.5
51906,0.95
52862,0.18
50469,0.19
50891,0.04
54268,0.36
52807,0.4
50652,0.0
51202,0.73
52018,0.3
53818,0.22
53907,0.21
52596,0.09
50072,0.36
50590,0.06
50187,0.03
52153,0.18
50742,0.35
51913,0.0
52855,0.18
54146,0.14
50793,0.4
54254,0.77
50910,0.36
50054,0.4
52595,0.1
50467,0.26
54215,0.76
53289,0.14
54168,0.09
53690,0.35
52955,0.06
51299,0.63
52409,0.32
53268,0.39
50765,0.12
50040,0.09
51059,0.29
51105,0.11
52881,0.07
51874,0.11
50602,0.08
50789,0.07
51292,0.35
53942,0.04
53896,0.07
52986,0.03
50328,0.34
53941,0.31
52047,0.2
53068,0.87
50487,0.14
50900,0.15
50101,0.45
52028,0.04
52994,0.14
53030,0.26
51729,0.29
52501,0.31
52062,0.07
53042,0.42
51057,0.38
53590,0.12
51554,0.19
52728,0.42
50718,0.18
52571,0.12
53856,0.39
51403,0.15
51570,0.15
53425,0.09
52306,0.78
53120,0.22
51143,0.21
52191,0.54
52957,0.84
52810,0.17
50318,0.13
52561,0.46
50302,0.02
52000,0.18
50075,0.17
53697,0.21
52103,0.13
53197,0.02
50968,0.07
54120,0.37
53484,0.18
50875,0.29
53602,0.51
52311,0.75
53559,0.43
50824,0.67
53682,0.14
52847,0.22
53414,0.13
50023,0.2
50656,0.37
52675,0.18
52919,0.24
50374,0.27
52281,0.11
52322,0.14
51327,0.08
52024,0.17
53272,0.65
53529,0.09
53661,0.0
53631,0.02
54098,0.1
50858,0.39
53917,0.11
51111,0.21
53955,0.14
53124,0.43
52405,0.07
50745,0.17
52354,0.38
50483,0.08
54092,0.23
53530,0.1
53548,0.14
52747,0.31
52895,0.2
52159,0.18
53925,0.11
50198,0.08
54103,0.65
50559,0.5
53940,0.01
53291,0.31
51073,0.26
51061,0.43
53546,0.39
51783,0.24
52438,0.05
54122,0.35
53692,0.25
53640,0.03
52857,0.07
52693,0.1
53347,0.38
53827,0.61
54062,0.06
51624,0.56
50337,0.76
52816,0.31
51415,0.12
50904,0.21
53002,0.84
53231,0.38
51432,0.61
52055,0.26
50084,0.34
51365,0.19
50131,0.92
51331,0.26
52951,0.05
51792,0.17
51873,0.13
52142,0.18
52389,0.25
52936,0.18
51014,0.48
52987,0.33
50816,0.15
51983,0.17
52977,0.15
51644,0.09
51877,0.08
51928,0.1
53582,0.22
50204,0.97
51438,0.12
50486,0.42
52126,0.1
50089,0.27
52045,0.25
50004,0.42
50062,0.64
50587,0.08
50813,0.3
50219,0.8
50149,0.13
51176,0.7
50837,0.34
52355,0.14
53636,0.26
51337,0.15
51227,0.34
52918,0.4
50301,0.54
51540,0.18
53367,0.18
51071,0.2
52555,0.05
51153,0.14
52845,0.02
52523,0.16
53833,0.2
50323,0.25
51453,0.18
53229,0.45
54218,0.18
51095,0.92
53003,0.03
50692,0.31
51424,0.03
53696,0.19
52049,0.0
53333,0.91
51837,0.06
53525,0.09
51738,0.43
53040,0.14
50303,0.23
50582,0.18
52745,0.17
51625,0.22
50639,0.77
54272,0.66
50134,0.12
53473,0.18
53493,0.24
52781,0.23
50951,0.14
50015,0.19
50916,0.14
52696,0.86
53706,0.25
50213,0.8
52952,0.35
51140,0.0
53233,0.73
52258,0.69
52034,0.2
50387,0.48
52865,0.24
51186,0.38
53970,0.44
52822,0.04
52864,0.13
51818,0.11
50421,0.33
50987,0.42
53865,0.17
51087,0.11
53411,0.37
51360,0.24
51467,0.19
53006,0.23
52715,0.3
50919,0.56
51058,0.26
53168,0.36
51741,0.32
54179,0.15
51356,0.27
52709,0.25
52156,0.63
53084,0.15
51931,0.12
52634,0.28
53644,0.06
52263,0.37
51814,0.45
51660,0.13
53857,0.09
51831,0.02
52085,0.8
51369,0.16
53875,0.24
51122,0.24
52027,0.89
51181,0.19
53406,0.11
51518,0.04
51098,0.24
51289,0.2
50878,0.21
53727,0.2
54121,0.14
52059,0.22
51379,0.24
51051,0.34
51448,0.02
53096,0.17
52378,0.55
53656,0.35
52962,0.07
50703,0.38
50305,0.51
53891,0.45
53519,0.61
51664,0.22
54274,0.17
50380,0.3
51192,0.66
53358,0.03
51918,0.26
50638,0.21
50809,0.36
52701,0.49
53102,0.11
51038,0.3
53260,0.21
52700,0.77
51703,0.06
50436,0.15
50233,0.64
52051,0.14
50884,0.06
50846,0.25
52464,0.43
50961,0.06
53080,0.49
52826,0.2
52697,0.17
51999,0.02
52455,0.68
52635,0.69
53468,0.04
53638,0.33
54072,0.87
53828,0.37
52844,0.62
53966,0.42
53064,0.62
51868,0.31
51216,0.11
52197,0.16
53797,0.14
54044,0.29
53369,0.83
53552,0.33
50299,0.34
53382,0.39
54185,0.16
50887,0.11
54094,0.02
52288,0.85
52247,0.49
53985,0.07
52093,0.32
52447,0.76
54200,0.48
52185,0.11
52593,0.14
53107,0.26
51189,0.22
51054,0.1
53717,0.89
52582,0.11
54018,0.31
50381,0.27
50205,0.1
54247,0.62
51832,0.26
54054,0.6
53314,0.11
52686,0.02
51908,0.46
52496,0.28
50510,0.75
52471,0.76
52054,0.04
51121,0.66
53482,0.22
52206,0.44
51588,0.12
53258,0.08
50032,0.21
54202,0.13
52204,0.16
52569,0.12
52006,0.11
51358,0.68
52538,0.28
51598,0.33
51004,0.11
51282,0.23
53243,0.31
53287,0.58
52641,0.25
51571,0.32
51260,0.11
54127,0.67
53550,0.4
51047,0.27
53899,0.16
52670,0.12
50994,0.61
50350,0.06
50406,0.01
50939,0.21
50545,0.05
50459,0.13
53549,0.75
53935,0.03
53858,0.34
52386,0.46
50681,0.11
50895,0.1
51917,0.11
50153,0.23
50122,0.22
51191,0.12
52168,0.07
54009,0.15
52894,0.44
51606,0.31
52648,0.52
52511,0.1
54036,0.11
53660,0.12
53648,0.44
51841,0.28
51166,0.73
51543,0.62
54153,0.51
51258,0.33
53464,0.36
50586,0.01
51904,0.88
51273,0.37
51769,0.44
50946,0.1
53937,0.35
51082,0.07
52893,0.19
51647,0.13
52570,0.18
53429,0.13
50197,0.09
53278,0.11
50150,0.81
52576,0.51
52738,0.15
50180,0.02
53363,0.45
51804,0.27
50992,0.34
53798,0.03
52880,0.07
51565,0.19
53246,0.5
53820,0.34
52698,0.19
50257,0.02
50392,0.41
51441,0.45
53093,0.01
53005,0.31
51272,0.11
53384,0.19
53843,0.65
54156,0.32
51505,0.21
50474,0.13
53300,0.3
50118,0.47
50178,0.52
53436,0.76
53409,0.35
50686,0.06
51633,0.14
52345,0.16
53991,0.47
51789,0.14
51698,0.19
50761,0.3
51966,0.91
54217,0.06
52157,0.65
51437,0.14
51663,0.15
50064,0.5
52590,0.05
53646,0.29
53377,0.27
50935,0.31
50649,0.23
53736,0.04
52760,0.08
54159,0.54
53092,0.36
51384,0.2
51242,0.02
51034,0.72
50732,0.12
52965,0.64
53173,0.8
50684,0.13
50139,0.18
50223,0.14
52123,0.08
51881,0.18
53624,0.29
53465,0.14
51484,0.28
52930,0.63
51824,0.14
50068,0.15
53788,0.26
53277,0.26
50643,0.16
53380,0.25
50588,0.22
53109,0.18
53579,0.43
53432,0.09
51550,0.04
51855,0.41
51597,0.52
53357,0.09
51717,0.12
52756,0.19
53667,0.26
53196,0.25
52671,0.14
52771,0.38
54133,0.63
53923,0.28
52975,0.51
53897,0.21
52443,0.78
50839,0.93
51613,0.53
51208,0.06
54144,0.37
53127,0.27
51314,0.93
52526,0.51
50010,0.08
50165,0.04
51972,0.15
50555,0.13
54228,0.1
50115,0.24
50682,0.08
50310,0.16
54229,0.0
50475,0.06
52468,0.16
51222,0.19
52602,0.25
50879,0.76
53385,0.06
50218,0.12
50211,0.28
52682,0.61
51666,0.27
52102,0.13
53126,0.78
51555,0.52
53905,0.02
50648,0.13
52886,0.06
52019,0.46
54119,0.07
51594,0.36
51012,0.13
53394,0.88
51353,0.15
51915,0.18
51516,0.3
52766,0.32
53637,0.17
51933,0.18
53830,0.08
53926,0.15
52195,0.08
53001,0.83
52302,0.23
51889,0.15
52154,0.11
50565,0.07
52440,0.06
53932,0.34
54261,0.79
50230,0.15
52194,0.04
50048,0.48
51019,0.07
52215,0.14
51528,0.1
50956,0.51
50052,0.19
50598,0.82
51755,0.62
50808,0.2
52095,0.14
53480,0.34
53628,0.06
53758,0.74
53373,0.15
50399,0.12
53735,1.0
52672,0.05
50651,0.17
53234,0.29
52906,0.13
50468,0.9
51730,0.09
51013,0.36
53669,0.2
54141,0.1
50347,0.44
51595,0.69
52328,0.22
50990,0.34
54004,0.11
51483,0.15
50715,0.84
50009,0.68
52788,0.19
51668,0.27
51798,0.04
52318,0.71
54093,0.13
53566,0.08
53747,0.09
50285,0.17
52589,0.5
51652,0.24
52789,0.14
50444,0.23
52391,0.15
51875,0.4
50830,0.09
52151,0.78
52431,0.49
50099,0.97
50781,0.52
50803,0.34
52903,0.7
53946,0.33
50495,0.19
52480,0.28
52190,0.16
50827,0.1
53740,0.43
53655,0.28
52214,0.74
52209,0.36
53714,0.78
54279,0.09
53208,0.11
53981,0.18
51952,0.3
53088,0.28
51137,0.19
50007,0.31
51219,0.05
53297,0.2
52221,0.18
52494,0.21
54211,0.19
54201,0.55
52914,0.37
52627,0.24
53545,0.22
50868,0.93
52252,0.23
50902,0.26
50580,0.57
54193,0.18
53184,0.43
54137,0.63
50485,0.0
53048,0.86
50644,0.24
54244,0.9
50945,0.28
52010,0.17
52907,0.18
53783,0.32
53977,0.18
51486,0.4
53850,0.8
50003,0.04
53449,0.51
51037,0.83
52406,0.2
52476,0.17
52324,0.04
50266,0.52
51490,0.41
50749,0.13
53301,0.32
50491,0.8
51893,0.1
51742,0.51
52078,0.01
50445,0.05
52808,0.03
52421,0.07
54189,0.46
53766,0.09
53949,0.95
53188,0.25
51246,0.28
51482,0.8
50617,0.55
54281,0.05
51224,0.11
53621,0.2
51677,0.17
54056,0.33
52390,0.18
52559,0.86
51655,0.1
51029,0.24
54148,0.65
50944,0.34
51525,0.46
52439,0.31
52276,0.31
52931,0.81
50517,0.94
50479,0.07
50799,0.28
52082,0.26
51268,0.42
50008,0.21
53861,0.17
53598,0.13
50231,0.11
53391,0.19
50440,0.22
50525,0.62
50624,0.03
51634,0.2
53144,0.12
51372,0.19
51722,0.69
50094,0.23
52591,0.57
54045,0.56
53018,0.03
50415,0.12
50209,0.17
51199,0.82
51504,0.49
50281,0.16
51942,0.93
51130,0.67
53851,0.05
52437,0.22
52996,0.63
52299,0.54
52937,0.27
51157,0.29
52938,0.27
53461,0.28
50059,0.42
50520,0.44
51351,0.03
54220,0.03
51036,0.01
52791,0.23
50668,0.11
50017,0.19
52924,0.09
52286,0.32
54151,0.03
53061,0.27
52769,0.15
50753,0.48
51262,0.03
52261,0.51
53288,0.61
50957,0.11
53130,0.58
51637,0.89
53894,0.16
53494,0.26
54101,0.19
52615,0.76
51445,0.77
52116,0.25
53625,0.29
52133,0.21
53318,0.13
50912,0.21
52514,0.12
52927,0.79
51963,0.65
52477,0.93
50417,0.11
50412,0.21
53718,0.11
50196,0.57
51249,0.25
51752,0.06
50284,0.53
54188,0.16
53920,0.38
51135,0.18
51568,0.06
51169,0.94
52714,0.11
52732,0.59
53889,0.08
52428,0.43
53571,0.16
53060,0.29
52896,0.52
54034,0.02
51803,0.24
52338,0.34
53460,0.09
50359,0.17
53478,0.83
52412,0.51
52572,0.12
50574,0.23
53754,0.41
53543,0.56
52031,0.13
50693,0.38
52752,0.8
53773,0.26
50112,0.14
53174,0.66
50414,0.5
52637,0.36
51214,0.68
50338,0.47
52534,0.05
53812,0.13
51076,0.21
53100,0.15
51089,0.02
52922,0.04
51269,0.76
51826,0.29
53842,0.19
53393,0.28
52891,0.17
53014,0.36
52642,0.33
50927,0.63
52356,0.63
51926,0.62
53458,0.12
51895,0.09
51378,0.93
52106,0.39
50159,0.01
54190,0.14
52234,0.12
50244,0.37
53439,0.1
51099,0.17
52205,0.13
52174,0.16
51768,0.54
53795,0.32
52370,0.13
54246,0.79
51083,0.24
52852,0.43
53284,0.4
52825,0.39
53175,0.27
54214,0.22
52230,0.08
52901,0.06
50845,0.5
54283,0.06
51544,0.34
53515,0.12
54038,0.16
51794,0.04
51252,0.67
51773,0.09
50273,0.17
52923,0.31
50182,0.56
54084,0.27
51075,0.12
53269,0.65
51817,0.26
54130,0.51
50462,0.76
53523,0.07
52137,0.06
53296,0.7
54184,0.2
53558,0.83
50050,0.23
53771,0.3
50853,0.57
52463,0.21
52724,0.2
53438,0.68
50534,0.69
51854,0.17
50234,0.83
51513,0.29
50680,0.88
54109,0.21
53939,0.05
50581,0.15
52449,0.79
50698,0.53
51761,0.29
50438,0.04
50527,0.48
50628,0.19
53440,0.43
51900,0.26
50717,0.2
51887,0.69
53223,0.1
51463,0.19
52180,0.07
50738,0.1
52077,0.19
52687,0.57
50238,0.7
51359,0.58
52371,0.19
51878,0.21
53817,0.31
50227,0.18
52256,0.05
51020,0.16
51582,0.52
53587,0.81
53952,0.12
51975,0.15
51771,0.95
53738,0.11
52398,0.07
53320,0.22
53627,0.72
50051,0.46
50507,0.34
53108,0.47
53681,0.26
53150,0.63
53085,0.07
51699,0.27
52623,0.39
51285,0.12
50478,0.38
53989,0.14
51801,0.22
52241,0.32
53456,0.14
52452,0.28
51614,0.25
53741,0.08
53704,0.1
51825,0.03
52942,0.16
51584,0.31
52539,0.49
53903,0.44
52754,0.75
53761,0.92
53711,0.16
51287,0.24
50000,0.41
53317,0.88
52009,0.12
51784,0.95
52297,0.07
53541,0.44
50889,0.3
53180,0.93
53498,0.21
52753,0.26
50979,0.2
52331,0.98
52361,0.12
52644,0.2
51763,0.28
54155,0.23
54061,0.46
54143,0.34
50367,0.87
52162,0.64
53034,0.21
53017,0.13
52982,0.18
54248,0.21
50978,0.15
53750,0.23
51265,0.73
52782,0.27
52859,0.31
51749,0.53
53532,0.19
50849,0.1
52065,0.26
51209,0.12
50114,0.21
52978,0.43
50818,0.11
50787,0.07
52603,0.17
53224,0.12
51056,0.29
54111,0.39
52546,0.44
52667,0.16
53577,0.12
54050,0.04
51427,0.12
53731,0.82
53918,0.18
53029,0.4
50241,0.05
50529,0.34
51180,0.6
51442,0.18
51772,0.11
54231,0.61
53618,0.09
50506,0.23
51579,0.53
53957,0.17
54160,0.62
52058,0.81
51751,0.17
52005,0.55
53709,0.11
53250,0.28
52300,0.14
51629,0.56
50805,0.36
54040,0.13
51124,0.8
53649,0.4
50314,0.22
51777,0.11
53944,0.2
52566,0.34
52513,0.14
50931,0.26
51685,0.31
54078,0.33
52890,0.12
53716,0.07
53518,0.1
50362,0.14
53732,0.41
50630,0.08
54186,0.19
51788,0.47
52369,0.56
52233,0.09
53204,0.28
52916,0.1
52804,0.2
53871,0.39
53958,0.18
50119,0.17
51959,0.06
51062,0.87
50840,0.17
50493,0.05
50443,0.05
51842,0.35
53156,0.42
50019,0.62
50418,0.61
53945,0.53
50991,0.57
50385,0.21
50929,0.55
50264,0.09
51452,0.19
52158,0.03
53210,0.02
50934,0.08
54290,0.11
50275,0.57
53400,0.39
51723,0.2
50133,0.22
51759,0.07
51307,0.65
50496,0.28
50335,0.1
53335,0.27
53214,0.07
50441,0.52
53161,0.1
53995,0.54
53095,0.16
53151,0.22
53776,0.3
51394,0.07
51350,0.15
52552,0.18
50408,0.11
51115,0.3
53153,0.51
51255,0.89
51866,0.38
50140,0.64
52685,0.46
53885,0.27
50688,0.87
53864,0.21
50583,0.36
50332,0.18
51293,0.85
54023,0.2
53775,0.61
51945,0.03
